,NMF_perm,outNMF,AE_perm,outAE,idx
0,0.7088282370926839,1.2614484048238546,0.6455321944958881,1.2574284076690674,0
1,0.7041620562555253,1.1927477847467445,0.6777786342983398,1.175334095954895,1
2,0.6936877434942278,1.1906159811994288,0.6754140813206329,1.17862069606781,2
